iso3,pais,regiao,renda,pib_pc,mort_infantil,expec_vida,internet,energia,desemprego,dens_pop,idh,eventos,mortes,teve_conflito,regiao_pt,renda_pt
SYR,Syrian Arab Republic,Middle East & North Africa,Lower middle income,1172.5527222222222,18.858620689655172,72.17221428571429,10.169366717857143,1153.16516,8.539107142857143,93.32794137931035,0.6019310344827585,80634.0,387041.0,True,Oriente Médio e Norte da África,Renda média-baixa
AFG,Afghanistan,South Asia,Low income,439.99629411764704,80.99655172413793,57.584785714285715,3.9521557927777775,,2.747357142857143,37.891075862068966,0.38579310344827583,28793.0,222440.0,True,Sul da Ásia,Renda baixa
IND,India,South Asia,Lower middle income,878.7978620689655,58.320689655172416,63.854499999999994,6.121809212740741,471.56996,2.679535714285714,377.9184482758621,0.5310344827586206,16143.0,55801.0,True,Sul da Ásia,Renda média-baixa
COL,Colombia,Latin America & Caribbean,Upper middle income,4122.495517241379,19.47241379310345,73.61232142857143,21.6128144,963.5681599999999,11.563357142857143,37.55348965517242,0.691344827586207,14345.0,45064.0,True,América Latina e Caribe,Renda média-alta
BIH,Bosnia and Herzegovina,Europe & Central Asia,Upper middle income,3244.91164,8.558620689655172,74.38560714285714,27.064887341666665,2220.66696,25.057714285714287,73.37870344827586,0.7216315789473684,9340.0,63535.0,True,Europa e Ásia Central,Renda média-alta
MEX,Mexico,Latin America & Caribbean,Upper middle income,7526.521724137931,20.49655172413793,74.08792857142858,20.799318437931035,1781.626,3.9762142857142857,54.016813793103445,0.7225172413793103,8303.0,67691.0,True,América Latina e Caribe,Renda média-alta
IRQ,Iraq,Middle East & North Africa,Upper middle income,4982.284375,32.59655172413793,68.60664285714286,9.585685777777778,1193.5774000000001,8.959,61.04586896551724,0.6028965517241379,7841.0,122755.0,True,Oriente Médio e Norte da África,Renda média-alta
TUR,Turkey,Europe & Central Asia,Upper middle income,6838.4051724137935,26.63103448275862,71.29203571428572,24.343123449259256,1828.20864,9.144678571428571,87.35254827586206,0.7049655172413792,6575.0,31227.0,True,Europa e Ásia Central,Renda média-alta
PAK,Pakistan,South Asia,Lower middle income,792.4098275862069,81.18620689655172,63.63010714285714,6.135615588347826,387.45012,1.1963928571428573,204.52037931034485,0.4709310344827586,6082.0,42195.0,True,Sul da Ásia,Renda média-baixa
NPL,Nepal,South Asia,Low income,420.53762068965517,53.83103448275862,63.629357142857145,4.892729137428572,72.674116,1.6091785714285716,171.56900000000002,0.49706896551724133,5654.0,12355.0,True,Sul da Ásia,Renda baixa
SOM,Somalia,Sub-Saharan Africa,Low income,263.8037142857143,98.41034482758621,51.334678571428576,0.8118988817391305,,14.674142857142856,16.517293103448278,,4866.0,47061.0,True,África Subsaariana,Renda baixa
LKA,Sri Lanka,South Asia,Lower middle income,1810.4916551724139,12.744827586206897,73.00975,7.386186255599999,328.28212,7.8425,309.6990689655172,0.7067241379310345,4385.0,64085.0,True,Sul da Ásia,Renda média-baixa
NGA,Nigeria,Sub-Saharan Africa,Lower middle income,1371.9200344827584,100.27241379310345,48.569678571428575,9.597639164347825,108.56537200000001,4.143571428571429,152.7724827586207,0.4931875,4172.0,55067.0,True,África Subsaariana,Renda média-baixa
COD,"Congo, Dem. Rep.",Sub-Saharan Africa,Low income,289.8545172413793,96.67586206896551,53.31842857142857,1.294650225,103.53222,3.323714285714286,24.555651724137928,0.40665517241379306,4162.0,114847.0,True,África Subsaariana,Renda baixa
DZA,Algeria,Middle East & North Africa,Upper middle income,3083.353448275862,29.886206896551727,72.07510714285715,13.072715740538463,795.78536,18.70825,13.970244827586207,0.6734482758620689,4142.0,21168.0,True,Oriente Médio e Norte da África,Renda média-alta
RUS,Russian Federation,Europe & Central Asia,High income,6634.788965517241,12.96896551724138,67.56280357142857,26.467602115428573,5813.2324,7.522428571428571,8.87741275862069,0.7653793103448276,3729.0,25390.0,True,Europa e Ásia Central,Renda alta
ISR,Israel,Middle East & North Africa,High income,24703.772413793104,5.220689655172414,79.7213392857143,33.78484567857143,6031.4436,9.387571428571428,314.5744137931034,0.859793103448276,3528.0,8741.0,True,Oriente Médio e Norte da África,Renda alta
PHL,Philippines,East Asia & Pacific,Lower middle income,1620.7133103448277,28.28965517241379,69.04164285714286,15.740771158,515.76544,3.47525,283.0858620689655,0.6521379310344828,3475.0,18759.0,True,Leste Asiático e Pacífico,Renda média-baixa
YEM,"Yemen, Rep.",Middle East & North Africa,Lower middle income,837.8514137931035,60.341379310344834,62.355785714285716,8.220198877434783,170.01492,11.416214285714286,37.60767931034482,0.45941379310344826,3158.0,33813.0,True,Oriente Médio e Norte da África,Renda média-baixa
SDN,Sudan,Sub-Saharan Africa,Lower middle income,1010.4475862068965,60.96551724137931,60.05525,8.45375697590909,69.49156206896552,15.028642857142858,,0.43762068965517237,3094.0,87635.0,True,África Subsaariana,Renda média-baixa
UKR,Ukraine,Europe & Central Asia,Lower middle income,1962.8550689655171,12.968965517241378,69.00818928571428,15.018314983461538,3421.7448,7.735214285714286,83.01495172413793,0.7365517241379311,3057.0,8229.0,True,Europa e Ásia Central,Renda média-baixa
BDI,Burundi,Sub-Saharan Africa,Low income,194.20689655172413,78.94137931034483,52.716928571428575,0.8285784547142858,,1.7943928571428571,296.66396551724137,0.34710344827586215,2833.0,50346.0,True,África Subsaariana,Renda baixa
THA,Thailand,East Asia & Pacific,Upper middle income,3660.59275862069,16.627586206896552,72.39667857142857,16.009686914655173,1666.88332,1.3417142857142856,125.50879310344828,0.6903103448275861,2664.0,3943.0,True,Leste Asiático e Pacífico,Renda média-alta
MMR,Myanmar,East Asia & Pacific,Lower middle income,729.459,58.720689655172414,61.38753571428572,5.430578098947368,88.18965200000001,1.0732142857142857,73.54125172413794,0.45465517241379305,2627.0,18729.0,True,Leste Asiático e Pacífico,Renda média-baixa
RWA,Rwanda,Sub-Saharan Africa,Low income,421.1593103448276,74.15172413793104,50.69278571428571,5.396745034636364,,0.8153928571428571,355.59193103448274,0.4266666666666667,2597.0,794092.0,True,África Subsaariana,Renda baixa
ZAF,South Africa,Sub-Saharan Africa,Upper middle income,4788.310689655173,42.44827586206897,58.83757142857143,15.806137810714286,4441.5344000000005,27.91367857142857,39.090324137931034,0.6627241379310346,2569.0,4794.0,True,África Subsaariana,Renda média-alta
ETH,Ethiopia,Sub-Saharan Africa,Low income,301.18300000000005,75.81724137931033,55.82660714285714,2.7998050537499997,34.104828000000005,2.6774285714285715,75.84568620689654,0.39352631578947367,1934.0,152889.0,True,África Subsaariana,Renda baixa
AGO,Angola,Sub-Saharan Africa,Upper middle income,2195.7246206896552,99.67241379310344,50.70189285714286,4.018533542565217,119.202584,16.091107142857144,15.854608965517242,0.49050000000000005,1779.0,30347.0,True,África Subsaariana,Renda média-alta
IDN,Indonesia,East Asia & Pacific,Lower middle income,1861.6389310344828,37.50344827586206,66.95882142857143,8.82069347076923,442.1182,5.26575,123.65082758620689,0.6232413793103448,1749.0,8873.0,True,Leste Asiático e Pacífico,Renda média-baixa
UGA,Uganda,Sub-Saharan Africa,Low income,403.8163793103448,71.33793103448276,51.34878571428572,6.8005773425,,2.324214285714286,139.51562068965518,0.43255172413793097,1644.0,15964.0,True,África Subsaariana,Renda baixa
SLE,Sierra Leone,Sub-Saharan Africa,Low income,333.96058620689655,125.41034482758621,43.99767857142857,1.6640962984615384,,3.7710714285714286,77.14092413793104,0.37431034482758624,1496.0,20443.0,True,África Subsaariana,Renda baixa
CAF,Central African Republic,Sub-Saharan Africa,Low income,387.41944827586207,105.49310344827587,46.983464285714284,1.339945760869565,,7.095392857142857,6.210458965517241,0.34927586206896544,1464.0,12345.0,True,África Subsaariana,Renda baixa
VEN,"Venezuela, RB",Latin America & Caribbean,High income,6541.4944,18.579310344827583,72.22042857142857,21.31972930740741,2835.6988,9.76975,29.06058620689655,0.7167241379310345,1297.0,1328.0,True,América Latina e Caribe,Renda alta
SRB,Serbia,Europe & Central Asia,Upper middle income,4491.61025,10.720689655172412,73.68829500000001,47.109386666666666,4199.7824,16.092964285714285,84.66955172413793,0.7414166666666667,1204.0,8773.0,True,Europa e Ásia Central,Renda média-alta
LBN,Lebanon,Middle East & North Africa,Upper middle income,5228.071724137932,14.413793103448276,75.52017857142857,28.064941041666668,2162.10284,7.581857142857143,449.12579310344825,0.7536428571428572,1020.0,5342.0,True,Oriente Médio e Norte da África,Renda média-alta
BRA,Brazil,Latin America & Caribbean,Upper middle income,6526.472068965517,27.175862068965518,71.241,22.6450650525,1949.5328,8.483857142857143,21.779610344827585,0.6931379310344827,979.0,7139.0,True,América Latina e Caribe,Renda média-alta
LBY,Libya,Middle East & North Africa,Upper middle income,7305.573103448276,20.806896551724137,71.10278571428572,8.701421736842105,2457.6168,18.724071428571428,3.2123682758620693,0.7104482758620692,930.0,11498.0,True,Oriente Médio e Norte da África,Renda média-alta
KEN,Kenya,Sub-Saharan Africa,Lower middle income,727.0180689655173,52.49655172413794,56.99671428571428,5.739018003833333,131.0664,9.634535714285715,64.01982413793104,0.5136896551724137,924.0,5671.0,True,África Subsaariana,Renda média-baixa
EGY,"Egypt, Arab Rep.",Middle East & North Africa,Lower middle income,1791.2404827586208,34.59310344827586,68.82164285714286,15.150879954111112,1139.78128,10.369321428571428,75.5476,0.6475862068965518,809.0,4626.0,True,Oriente Médio e Norte da África,Renda média-baixa
SSD,South Sudan,Sub-Saharan Africa,Low income,1287.4831111111112,97.39999999999999,51.03635714285714,5.700656,42.66173333333333,13.068714285714284,,0.40944444444444444,755.0,11316.0,True,África Subsaariana,Renda baixa
MLI,Mali,Sub-Saharan Africa,Low income,513.9072413793103,91.37241379310345,51.277678571428574,2.554365562173913,,6.841464285714286,10.578137586206896,0.346,749.0,5981.0,True,África Subsaariana,Renda baixa
PER,Peru,Latin America & Caribbean,Upper middle income,3582.7244827586205,27.03103448275862,71.98378571428572,21.157261533846153,811.11196,4.511428571428572,21.29113103448276,0.6937586206896553,706.0,5818.0,True,América Latina e Caribe,Renda média-alta
CMR,Cameroon,Sub-Saharan Africa,Lower middle income,1072.2276551724137,76.89999999999999,53.57207142857143,5.741144729090909,206.196,5.521642857142857,37.52056551724137,0.4855172413793104,638.0,4565.0,True,África Subsaariana,Renda média-baixa
AZE,Azerbaijan,Europe & Central Asia,Upper middle income,2881.380413793104,49.42413793103448,68.36621428571428,29.0361398525,2087.1952,6.689285714285715,102.36420689655172,0.6829583333333334,611.0,6186.0,True,Europa e Ásia Central,Renda média-alta
BGD,Bangladesh,South Asia,Lower middle income,656.7928620689655,56.286206896551725,66.40275,4.115269302545455,151.89712799999998,3.5852857142857144,1034.7045172413793,0.5094827586206897,588.0,1318.0,True,Sul da Ásia,Renda média-baixa
LBR,Liberia,Sub-Saharan Africa,Low income,496.6021052631579,107.4448275862069,54.46367857142857,3.3780996414999995,,2.382857142857143,33.46351379310345,0.4537000000000001,541.0,23185.0,True,África Subsaariana,Renda baixa
KHM,Cambodia,East Asia & Pacific,Low income,652.1002307692307,58.51724137931034,61.47632142857143,6.289581617826087,92.07767,1.7316785714285714,72.98446896551724,0.48075862068965514,503.0,4257.0,True,Leste Asiático e Pacífico,Renda baixa
GTM,Guatemala,Latin America & Caribbean,Lower middle income,2328.4561724137934,37.182758620689654,68.75885714285714,10.999316037916666,400.07392,2.9048928571428574,120.9906724137931,0.5682413793103448,412.0,2371.0,True,América Latina e Caribe,Renda média-baixa
CIV,Cote d'Ivoire,Sub-Saharan Africa,Lower middle income,1036.1412068965517,86.76896551724138,52.20175,8.93559719344,183.89316,5.008857142857143,57.056879310344826,0.4663103448275863,362.0,3662.0,True,África Subsaariana,Renda média-baixa
TCD,Chad,Sub-Saharan Africa,Low income,526.3393448275863,93.45862068965518,49.288000000000004,1.434714434909091,,1.4003214285714285,7.991838965517241,0.3517368421052631,354.0,9787.0,True,África Subsaariana,Renda baixa
IRN,"Iran, Islamic Rep.",Middle East & North Africa,Upper middle income,3725.6857692307694,24.813793103448276,71.26439285714285,16.680933249307692,1850.39304,11.26025,42.349386206896554,0.7077241379310345,327.0,1665.0,True,Oriente Médio e Norte da África,Renda média-alta
TJK,Tajikistan,Europe & Central Asia,Lower middle income,504.13662068965516,56.54827586206897,64.39446428571429,8.221944855,2212.5692,11.409857142857144,49.164965517241384,0.605,294.0,9396.0,True,Europa e Ásia Central,Renda média-baixa
SEN,Senegal,Sub-Saharan Africa,Lower middle income,1016.5260000000001,55.182758620689654,60.95342857142857,8.303547160333332,146.94407999999999,7.245392857142858,57.93907586206896,0.42834482758620696,283.0,2048.0,True,África Subsaariana,Renda média-baixa
MOZ,Mozambique,Sub-Saharan Africa,Low income,363.6846551724138,100.32068965517242,50.61792857142857,3.6531225773913043,262.343664,3.046,25.921631034482758,0.342,259.0,4589.0,True,África Subsaariana,Renda baixa
GEO,Georgia,Europe & Central Asia,Lower middle income,2118.878655172414,24.189655172413794,70.86264285714286,18.978062304,1932.3808,12.71342857142857,71.81214827586206,0.7555263157894738,258.0,3431.0,True,Europa e Ásia Central,Renda média-baixa
COG,"Congo, Rep.",Sub-Saharan Africa,Lower middle income,1647.6853448275863,55.38620689655173,56.46775,3.113208017391304,142.356952,16.612285714285715,10.654476551724139,0.5307241379310345,234.0,15665.0,True,África Subsaariana,Renda média-baixa
NER,Niger,Sub-Saharan Africa,Low income,278.83258620689656,85.19655172413792,52.56567857142857,1.26943928625,39.34417333333333,1.2343928571428573,10.955171379310345,0.2968965517241379,201.0,2102.0,True,África Subsaariana,Renda baixa
GBR,United Kingdom,Europe & Central Asia,High income,34124.72068965517,5.213793103448276,78.70317857142857,51.349179079310346,5775.1756,6.553107142857143,251.55765517241377,0.8769310344827586,168.0,288.0,True,Europa e Ásia Central,Renda alta
HRV,Croatia,Europe & Central Asia,High income,10369.447916666666,6.482758620689655,74.6347,33.408637533333334,3150.3215999999998,12.463,78.41247931034484,0.7982916666666667,157.0,1478.0,True,Europa e Ásia Central,Renda alta
SAU,Saudi Arabia,Middle East & North Africa,High income,14113.593448275862,16.879310344827587,72.70289285714286,30.240045312000003,6260.076,5.684142857142858,11.154407931034482,0.7731379310344827,157.0,546.0,True,Oriente Médio e Norte da África,Renda alta
ESP,Spain,Europe & Central Asia,High income,22713.675862068965,4.210344827586207,80.10685,38.221898837931036,5004.3652,17.258321428571428,86.25041379310345,0.8384482758620689,135.0,399.0,True,Europa e Ásia Central,Renda alta
PNG,Papua New Guinea,East Asia & Pacific,Lower middle income,1427.5314137931034,50.724137931034484,60.258428571428574,2.6982621747826085,,2.59125,14.283227586206896,0.4673103448275862,114.0,610.0,True,Leste Asiático e Pacífico,Renda média-baixa
TGO,Togo,Sub-Saharan Africa,Low income,446.61044827586204,68.78620689655172,56.04525,2.464579110714286,108.028624,1.9517142857142855,102.78458275862069,0.4595172413793103,106.0,561.0,True,África Subsaariana,Renda baixa
BFA,Burkina Faso,Sub-Saharan Africa,Low income,424.6881379310345,78.65862068965517,53.57021428571429,3.3401757790869566,,3.9230714285714288,49.328324137931034,0.36134999999999995,100.0,309.0,True,África Subsaariana,Renda baixa
TUN,Tunisia,Middle East & North Africa,Upper middle income,2974.6596551724137,23.637931034482758,73.47042857142857,21.62485519,1016.6886,14.918285714285714,64.4945,0.6741034482758618,99.0,377.0,True,Oriente Médio e Norte da África,Renda média-alta
SLV,El Salvador,Latin America & Caribbean,Lower middle income,2448.2914137931034,24.613793103448273,69.4115,10.543662330434783,670.18048,6.199285714285714,287.5680344827586,0.6239310344827586,79.0,1045.0,True,América Latina e Caribe,Renda média-baixa
GIN,Guinea,Sub-Saharan Africa,Low income,558.935,93.5448275862069,54.10771428571429,2.34104444508,,4.163392857142857,36.9659,0.3707931034482758,78.0,1097.0,True,África Subsaariana,Renda baixa
MDA,Moldova,Europe & Central Asia,Lower middle income,1393.8995416666667,21.04137931034483,68.45910714285715,23.515152332439996,2031.5023999999999,6.078,125.80493103448275,0.6865862068965517,77.0,585.0,True,Europa e Ásia Central,Renda média-baixa
DJI,Djibouti,Middle East & North Africa,Lower middle income,1113.464551724138,72.12068965517241,59.01714285714286,5.6492680625,,12.45675,33.04698965517242,0.4233333333333334,59.0,507.0,True,Oriente Médio e Norte da África,Renda média-baixa
HND,Honduras,Latin America & Caribbean,Lower middle income,1474.6822068965516,27.317241379310346,71.36671428571428,9.588868520833334,503.41828000000004,4.046107142857143,64.95317586206896,0.5697586206896552,57.0,278.0,True,América Latina e Caribe,Renda média-baixa
ZWE,Zimbabwe,Sub-Saharan Africa,Low income,850.816,52.606896551724134,50.529178571428574,6.135475924800001,785.1569199999999,5.192642857142857,31.720824137931036,0.49934482758620696,56.0,279.0,True,África Subsaariana,Renda baixa
MKD,North Macedonia,Europe & Central Asia,Upper middle income,3332.2999999999997,15.344827586206897,73.60407142857143,34.18664658,3149.5552000000002,32.27896428571429,80.56864137931035,0.7118333333333333,55.0,81.0,True,Europa e Ásia Central,Renda média-alta
HTI,Haiti,Latin America & Caribbean,Low income,546.0266551724137,71.12413793103448,58.4585,7.09080427173913,35.091136,11.611214285714285,328.9383103448276,0.48151724137931035,53.0,727.0,True,América Latina e Caribe,Renda baixa
ERI,Eritrea,Sub-Saharan Africa,Low income,381.30525,53.334482758620695,57.70603571428571,0.43430290727272725,78.01004,6.6974285714285715,25.228095454545453,0.46676470588235286,49.0,19936.0,True,África Subsaariana,Renda baixa
KGZ,Kyrgyz Republic,Europe & Central Asia,Lower middle income,692.0846896551724,36.206896551724135,68.51287857142857,14.049428061904761,1730.1127999999999,7.364285714285714,26.950741379310344,0.6444827586206898,48.0,239.0,True,Europa e Ásia Central,Renda média-baixa
BHR,Bahrain,Middle East & North Africa,High income,16503.734827586206,10.696551724137931,74.91824999999999,42.677662,19399.52,1.0513571428571429,1240.170931034483,0.8022758620689655,44.0,37.0,True,Oriente Médio e Norte da África,Renda alta
MDG,Madagascar,Sub-Saharan Africa,Low income,331.3506896551724,62.01379310344828,59.66660714285714,1.6673624260869564,,3.718178571428571,31.258424137931033,0.48069999999999996,43.0,208.0,True,África Subsaariana,Renda baixa
ARM,Armenia,Europe & Central Asia,Lower middle income,1958.2973103448278,23.83103448275862,71.69592857142857,17.3346320404,1606.3183999999999,12.329071428571428,107.6711724137931,0.6982068965517243,41.0,193.0,True,Europa e Ásia Central,Renda média-baixa
KWT,Kuwait,Middle East & North Africa,High income,29651.831538461538,10.186206896551724,73.62521428571428,35.78540574814814,14769.807272727274,1.4359642857142858,148.57306923076925,0.7865517241379308,40.0,1816.0,True,Oriente Médio e Norte da África,Renda alta
GHA,Ghana,Sub-Saharan Africa,Lower middle income,932.7170344827587,57.220689655172414,59.173678571428574,7.87343819075,310.62260000000003,6.564964285714285,95.36333793103448,0.5353103448275862,38.0,2434.0,True,África Subsaariana,Renda média-baixa
CHN,China,East Asia & Pacific,Upper middle income,3148.4863448275864,23.693103448275863,72.53114285714285,18.322550619230768,1685.41908,3.922035714285714,136.7798620689655,0.6253448275862068,35.0,325.0,True,Leste Asiático e Pacífico,Renda média-alta
CAN,Canada,North America,High income,33944.81379310345,5.26896551724138,79.82625714285714,52.19213882142857,16359.956,7.872678571428572,3.531816896551724,0.8983448275862069,35.0,93.0,True,América do Norte,Renda alta
UZB,Uzbekistan,Europe & Central Asia,Lower middle income,1049.2148965517242,42.54827586206897,68.29678571428572,12.801538198333333,1810.3904,7.033964285714285,61.876848275862066,0.6653684210526316,32.0,400.0,True,Europa e Ásia Central,Renda média-baixa
USA,United States,North America,High income,41626.19310344828,6.975862068965518,77.22430714285714,48.79305925,13010.216,5.934642857142856,31.843824137931037,0.8997586206896553,29.0,3033.0,True,América do Norte,Renda alta
JAM,Jamaica,Latin America & Caribbean,Upper middle income,3778.826896551724,18.058620689655175,74.04003571428572,18.120398724,1734.22644,13.546035714285713,249.60720689655173,0.6869310344827586,28.0,143.0,True,América Latina e Caribe,Renda média-alta
GNB,Guinea-Bissau,Sub-Saharan Africa,Low income,428.3549655172414,92.12413793103448,52.02453571428571,1.8802187954545457,,4.378142857142858,48.27160344827586,0.45,22.0,706.0,True,África Subsaariana,Renda baixa
NAM,Namibia,Sub-Saharan Africa,Upper middle income,3589.138275862069,41.6,56.68660714285714,8.859709495833334,1306.3460416666667,20.950714285714287,2.339490344827586,0.5815172413793104,19.0,63.0,True,África Subsaariana,Renda média-alta
FRA,France,Europe & Central Asia,High income,32321.63448275862,4.3999999999999995,79.86951071428572,41.1073761,7107.873199999999,9.839714285714285,114.52424137931034,0.8557241379310344,18.0,249.0,True,Europa e Ásia Central,Renda alta
MRT,Mauritania,Sub-Saharan Africa,Lower middle income,870.1685862068965,64.90689655172413,61.59039285714285,4.250852378636363,,11.096571428571428,2.953324482758621,0.4824827586206898,18.0,61.0,True,África Subsaariana,Renda média-baixa
TZA,Tanzania,Sub-Saharan Africa,Low income,541.7639655172414,67.17931034482758,54.69242857142857,3.909104933043478,70.394048,3.030214285714286,43.69205172413793,0.4403103448275862,16.0,67.0,True,África Subsaariana,Renda baixa
MYS,Malaysia,East Asia & Pacific,Upper middle income,6400.32448275862,8.686206896551724,73.32014285714286,37.95770256142857,2856.9528000000005,3.311571428571429,76.22793793103449,0.7322758620689656,15.0,71.0,True,Leste Asiático e Pacífico,Renda média-alta
ZMB,Zambia,Sub-Saharan Africa,Lower middle income,886.2231724137931,75.6896551724138,50.593785714285715,7.149087837307691,670.29256,12.515428571428572,16.079862068965518,0.47465517241379307,13.0,49.0,True,África Subsaariana,Renda média-baixa
ECU,Ecuador,Latin America & Caribbean,Upper middle income,3474.9286206896554,22.775862068965516,73.32903571428571,15.85201741962963,814.1822,4.2911785714285715,53.50589310344828,0.7098620689655173,12.0,99.0,True,América Latina e Caribe,Renda média-alta
ALB,Albania,Europe & Central Asia,Upper middle income,2477.486862068966,19.25172413793103,74.83542857142857,23.651248741666667,1333.29072,16.374321428571427,110.86293103448276,0.708137931034483,10.0,26.0,True,Europa e Ásia Central,Renda média-alta
BOL,Bolivia,Latin America & Caribbean,Lower middle income,1602.1633103448276,48.1551724137931,64.15835714285714,14.441562775,459.08368,3.004107142857143,8.382876206896551,0.6376206896551723,10.0,52.0,True,América Latina e Caribe,Renda média-baixa
JOR,Jordan,Middle East & North Africa,Upper middle income,2528.4986206896556,20.862068965517242,72.27921428571429,21.236938058333333,1433.6414799999998,14.515535714285715,70.60781034482758,0.691344827586207,8.0,98.0,True,Oriente Médio e Norte da África,Renda média-alta
NIC,Nicaragua,Latin America & Caribbean,Lower middle income,1230.2478965517241,27.348275862068967,70.1885,6.8276428,396.18775999999997,6.425785714285714,44.49721379310345,0.580655172413793,6.0,39.0,True,América Latina e Caribe,Renda média-baixa
COM,Comoros,Sub-Saharan Africa,Low income,1079.931724137931,69.55172413793103,60.33746428571429,3.216462818181818,,4.282464285714286,325.9694482758621,0.5122105263157896,5.0,96.0,True,África Subsaariana,Renda baixa
BEL,Belgium,Europe & Central Asia,High income,34433.393103448274,4.713793103448276,78.70216071428571,45.20131152896551,7862.746800000001,7.876714285714286,357.43363157894737,0.8910344827586207,5.0,38.0,True,Europa e Ásia Central,Renda alta
GMB,"Gambia, The",Sub-Saharan Africa,Low income,575.5611724137932,57.317241379310346,57.11521428571429,6.561909676666667,,9.823107142857143,152.0902551724138,0.4234137931034483,5.0,10.0,True,África Subsaariana,Renda baixa
LSO,Lesotho,Sub-Saharan Africa,Lower middle income,788.0967586206897,78.13448275862069,49.68282142857142,6.994065103043479,,31.257678571428574,64.99374137931035,0.47127586206896555,5.0,78.0,True,África Subsaariana,Renda média-baixa
MAR,Morocco,Middle East & North Africa,Lower middle income,2103.0572413793107,37.36896551724138,70.80178571428571,26.3498067252,589.36496,11.208,67.84174482758621,0.5572413793103448,5.0,70.0,True,Oriente Médio e Norte da África,Renda média-baixa
GUY,Guyana,Latin America & Caribbean,Lower middle income,2042.1482068965518,34.9,66.31757142857143,18.91846722777778,,11.820035714285714,3.8304320689655174,0.6098620689655172,3.0,29.0,True,América Latina e Caribe,Renda média-baixa
DEU,Germany,Europe & Central Asia,High income,34808.72068965517,4.293103448275862,78.49149285714284,48.646273,6815.928000000001,7.423178571428571,234.1544827586207,0.900551724137931,3.0,17.0,True,Europa e Ásia Central,Renda alta
TTO,Trinidad and Tobago,Latin America & Caribbean,High income,11188.757586206895,22.872413793103448,70.44924999999999,32.945099625,4551.755999999999,3.3460714285714284,253.12106896551725,0.7433793103448276,3.0,39.0,True,América Latina e Caribe,Renda alta
NLD,Netherlands,Europe & Central Asia,High income,38474.64137931035,4.672413793103448,79.15703928571429,56.716307689655174,6414.574799999999,4.946392857142857,479.0366551724138,0.8996551724137931,2.0,2.0,True,Europa e Ásia Central,Renda alta
PRY,Paraguay,Latin America & Caribbean,Upper middle income,3061.334827586207,25.772413793103446,71.29971428571429,18.881177054166667,920.02932,6.816928571428571,14.255051724137932,0.6641379310344828,2.0,2.0,True,América Latina e Caribe,Renda média-alta
ARG,Argentina,Latin America & Caribbean,High income,8481.596551724138,16.137931034482758,74.12467857142857,25.0654087062963,2185.9892,11.013714285714286,14.069572413793104,0.7961034482758621,2.0,86.0,True,América Latina e Caribe,Renda alta
BTN,Bhutan,South Asia,Lower middle income,1508.0216206896553,50.693103448275856,63.162285714285716,13.13286325,,2.226,15.985155172413794,0.6181111111111112,2.0,4.0,True,Sul da Ásia,Renda média-baixa
AUS,Australia,East Asia & Pacific,High income,36161.106896551726,4.8,80.08699285714286,48.2024466,9939.101999999999,6.624785714285714,2.667221034482759,0.9055862068965518,2.0,2.0,True,Leste Asiático e Pacífico,Renda alta
PAN,Panama,Latin America & Caribbean,Upper middle income,6828.01,19.637931034482758,75.6305,22.001037396,1374.25984,3.7151071428571427,44.21502413793103,0.7420344827586206,1.0,1.0,True,América Latina e Caribe,Renda média-alta
MLT,Malta,Middle East & North Africa,High income,16089.959310344828,6.879310344827586,79.27572142857143,41.63491264,4338.534799999999,6.310142857142857,1263.4310344827586,0.8158620689655172,1.0,0.0,True,Oriente Médio e Norte da África,Renda alta
ITA,Italy,Europe & Central Asia,High income,28361.393103448278,4.586206896551724,80.348775,31.238623837931033,5126.2364,9.9555,197.93965517241378,0.8506206896551725,1.0,0.0,True,Europa e Ásia Central,Renda alta
SWE,Sweden,Europe & Central Asia,High income,41584.18965517241,3.293103448275862,80.21795714285714,59.27418868965517,15167.408000000001,7.2826071428571435,22.361958620689656,0.8949310344827586,1.0,5.0,True,Europa e Ásia Central,Renda alta
QAT,Qatar,Middle East & North Africa,High income,44959.16206896552,10.10344827586207,78.02703571428572,41.20990224,13413.896799999999,0.9786785714285714,107.67487931034483,0.8120689655172414,1.0,0.0,True,Oriente Médio e Norte da África,Renda alta
ARE,United Arab Emirates,Middle East & North Africa,High income,34456.175862068965,9.10344827586207,74.96807142857142,49.08870892,10699.287199999999,2.2790357142857145,75.37632413793104,0.8114482758620688,1.0,1.0,True,Oriente Médio e Norte da África,Renda alta
CYP,Cyprus,Europe & Central Asia,High income,21245.806206896552,5.006896551724138,78.52828571428572,34.709779925,3554.9012,6.461142857142858,108.33978620689655,0.8196896551724135,1.0,1.0,True,Europa e Ásia Central,Renda alta
BWA,Botswana,Sub-Saharan Africa,Upper middle income,5014.296206896552,41.66206896551724,57.13303571428571,10.61105412,1302.69356,18.673928571428572,3.1241231034482757,0.6266206896551726,1.0,1.0,True,África Subsaariana,Renda média-alta
SLB,Solomon Islands,East Asia & Pacific,Lower middle income,1350.7509655172414,24.051724137931036,68.52039285714285,3.4899592875,,2.207035714285714,16.61563793103448,0.5313000000000001,1.0,2.0,True,Leste Asiático e Pacífico,Renda média-baixa
ATG,Antigua and Barbuda,Latin America & Caribbean,High income,11784.784482758621,11.844827586206897,74.47035714285714,31.8945325,,,182.19924137931037,0.7926666666666667,0.0,0.0,False,América Latina e Caribe,Renda alta
ABW,Aruba,Latin America & Caribbean,High income,21102.807142857142,,74.38678571428571,44.94147904761905,,,513.8880689655173,,0.0,0.0,False,América Latina e Caribe,Renda alta
AND,Andorra,Europe & Central Asia,High income,31282.941379310345,5.36551724137931,,50.54579454545455,,,153.90800000000002,0.8502105263157894,0.0,0.0,False,Europa e Ásia Central,Renda alta
ASM,American Samoa,East Asia & Pacific,Upper middle income,10234.838749999999,,,0.0,,,277.9820689655172,,0.0,0.0,False,Leste Asiático e Pacífico,Renda média-alta
DNK,Denmark,Europe & Central Asia,High income,44928.16206896552,4.4896551724137925,77.62451071428572,57.10640821724138,6399.871999999999,6.1070714285714285,128.2779655172414,0.8964827586206896,0.0,0.0,False,Europa e Ásia Central,Renda alta
DMA,Dominica,Latin America & Caribbean,Upper middle income,5435.575172413793,17.73793103448276,75.5,33.017075347826086,,,94.23940344827587,0.7039473684210527,0.0,0.0,False,América Latina e Caribe,Renda média-alta
DOM,Dominican Republic,Latin America & Caribbean,Upper middle income,3981.4532413793104,32.42413793103448,70.31875,23.740224508,1086.5955999999999,6.329285714285715,185.03931034482758,0.6695517241379311,0.0,0.0,False,América Latina e Caribe,Renda média-alta
EST,Estonia,Europe & Central Asia,High income,12001.456250000001,7.155172413793103,72.322175,47.126885921428574,5400.8384,8.754821428571429,32.49568275862069,0.8123103448275866,0.0,0.0,False,Europa e Ásia Central,Renda alta
FIN,Finland,Europe & Central Asia,High income,35992.65172413793,3.1999999999999997,78.45145357142857,55.122033379310345,15075.472,10.31192857142857,17.272210344827588,0.8902758620689656,0.0,0.0,False,Europa e Ásia Central,Renda alta
FJI,Fiji,East Asia & Pacific,Upper middle income,3467.892068965517,20.610344827586207,66.0965,14.530782818846152,,4.108892857142857,44.86188275862069,0.6948965517241379,0.0,0.0,False,Leste Asiático e Pacífico,Renda média-alta
CYM,Cayman Islands,Latin America & Caribbean,High income,62223.76666666666,,82.1902,50.10099823529412,,,194.548,,0.0,0.0,False,América Latina e Caribe,Renda alta
CZE,Czech Republic,Europe & Central Asia,High income,12473.699655172413,4.655172413793103,75.64386785714285,39.71319037037037,5897.4416,5.712071428571428,134.19544827586208,0.8285862068965515,0.0,0.0,False,Europa e Ásia Central,Renda alta
CHI,Channel Islands,Europe & Central Asia,High income,51427.19,,79.60757142857143,,,7.78525,773.2354827586207,,0.0,0.0,False,Europa e Ásia Central,Renda alta
CHE,Switzerland,Europe & Central Asia,High income,58462.94827586207,4.575862068965517,80.65744285714285,52.312472285714286,7787.754,3.8893214285714284,189.95227586206897,0.9061379310344827,0.0,0.0,False,Europa e Ásia Central,Renda alta
BRN,Brunei Darussalam,East Asia & Pacific,High income,25177.86551724138,8.813793103448276,73.31778571428572,39.248174,7584.7936,6.231535714285714,66.86538620689655,0.8142758620689654,0.0,0.0,False,Leste Asiático e Pacífico,Renda alta
BRB,Barbados,Latin America & Caribbean,High income,12689.999285714284,13.634482758620688,77.3225,42.418476051666666,,12.703857142857142,639.7760344827586,0.7661034482758622,0.0,0.0,False,América Latina e Caribe,Renda alta
BLR,Belarus,Europe & Central Asia,Upper middle income,3660.276551724138,7.548275862068966,70.10653571428571,26.98048114352174,3362.2656,9.029535714285714,48.29521724137931,0.7584166666666667,0.0,0.0,False,Europa e Ásia Central,Renda média-alta
BHS,"Bahamas, The",Latin America & Caribbean,High income,24527.489285714284,12.62758620689655,71.94260714285714,33.544095041666665,,11.244071428571429,32.13583793103448,0.8072916666666666,0.0,0.0,False,América Latina e Caribe,Renda alta
BMU,Bermuda,North America,High income,61284.31666666667,,79.31631052631579,62.715489999999996,,,1161.4444827586208,,0.0,0.0,False,América do Norte,Renda alta
BLZ,Belize,Latin America & Caribbean,Upper middle income,3777.563448275862,19.23448275862069,70.905,20.1991561,,10.749357142857141,12.196739310344828,0.6630344827586206,0.0,0.0,False,América Latina e Caribe,Renda média-alta
CUW,Curacao,Latin America & Caribbean,High income,20059.81428571429,,76.92284545454545,64.99135,6469.9116,,326.41439285714284,,0.0,0.0,False,América Latina e Caribe,Renda alta
CHL,Chile,Latin America & Caribbean,High income,8551.632068965517,9.06551724137931,77.07682142857142,30.14493348148148,2639.6524,7.812607142857144,21.517541379310344,0.783344827586207,0.0,0.0,False,América Latina e Caribe,Renda alta
CPV,Cabo Verde,Sub-Saharan Africa,Lower middle income,2250.290620689655,28.513793103448275,69.17660714285714,19.936802304347825,,11.304321428571429,111.69266896551724,0.6325263157894737,0.0,0.0,False,África Subsaariana,Renda média-baixa
CRI,Costa Rica,Latin America & Caribbean,Upper middle income,6011.296206896552,10.206896551724139,77.85521428571428,25.77482396892857,1579.0288,6.567964285714285,81.48887586206897,0.7376206896551724,0.0,0.0,False,América Latina e Caribe,Renda média-alta
CUB,Cuba,Latin America & Caribbean,Upper middle income,4301.707142857143,6.313793103448275,77.05467857142857,13.628740995833333,1162.32732,4.207357142857143,104.57124137931034,0.7264827586206898,0.0,0.0,False,América Latina e Caribe,Renda média-alta
AUT,Austria,Europe & Central Asia,High income,36813.786206896555,4.517241379310345,78.88727857142858,46.31724041379311,7378.008000000001,4.869035714285714,99.43207931034482,0.8797931034482759,0.0,0.0,False,Europa e Ásia Central,Renda alta
BEN,Benin,Sub-Saharan Africa,Low income,589.381448275862,80.85172413793103,57.228,3.4030784869565216,64.904472,1.4182857142857144,70.24526551724138,0.44920689655172413,0.0,0.0,False,África Subsaariana,Renda baixa
BGR,Bulgaria,Europe & Central Asia,Upper middle income,4319.837586206897,11.541379310344826,72.56152857142857,26.806604916296298,4226.8204,11.52217857142857,71.34331724137931,0.7513793103448275,0.0,0.0,False,Europa e Ásia Central,Renda média-alta
HKG,"Hong Kong SAR, China",East Asia & Pacific,High income,29408.88275862069,,81.34824642857143,43.89799046428572,5423.2592,4.003142857142857,6452.335172413793,0.8727241379310344,0.0,0.0,False,Leste Asiático e Pacífico,Renda alta
GRD,Grenada,Latin America & Caribbean,Upper middle income,6063.974827586207,13.858620689655172,72.20142857142856,18.684123107142856,,,306.15406896551724,0.7754117647058825,0.0,0.0,False,América Latina e Caribe,Renda média-alta
GRL,Greenland,Europe & Central Asia,High income,30986.225925925926,,68.22177307692309,44.075670896,,,0.14356448275862072,,0.0,0.0,False,Europa e Ásia Central,Renda alta
GUM,Guam,East Asia & Pacific,High income,29774.29375,,75.95489285714287,37.059737,,8.623321428571428,285.29993103448277,,0.0,0.0,False,Leste Asiático e Pacífico,Renda alta
GNQ,Equatorial Guinea,Sub-Saharan Africa,High income,8320.722413793104,95.06206896551724,53.82196428571429,6.736175863636363,,8.291500000000001,27.6150724137931,0.5724736842105262,0.0,0.0,False,África Subsaariana,Renda alta
GRC,Greece,Europe & Central Asia,High income,18294.113448275864,5.131034482758621,79.10713928571428,28.10601973793103,4627.0276,13.508642857142858,83.76067931034483,0.8311724137931032,0.0,0.0,False,Europa e Ásia Central,Renda alta
FRO,Faroe Islands,Europe & Central Asia,High income,41339.63684210526,,79.21192142857142,57.12143291666666,,,33.844762068965515,,0.0,0.0,False,Europa e Ásia Central,Renda alta
GAB,Gabon,Sub-Saharan Africa,Upper middle income,6531.114827586206,48.53448275862069,60.64096428571429,14.05237147826087,924.78656,18.284035714285714,5.547243448275862,0.653103448275862,0.0,0.0,False,África Subsaariana,Renda média-alta
MDV,Maldives,South Asia,Upper middle income,4648.693517241379,27.03793103448276,71.54207142857143,17.06236039285714,,2.9935714285714283,1102.1906896551723,0.6686666666666667,0.0,0.0,False,Sul da Ásia,Renda média-alta
MAC,"Macao SAR, China",East Asia & Pacific,High income,38174.56103448276,,81.03389285714286,38.78786697692308,,3.51475,18689.068965517243,,0.0,0.0,False,Leste Asiático e Pacífico,Renda alta
MAF,St. Martin (French part),Latin America & Caribbean,High income,,,77.53397142857143,,,,603.2431785714286,,0.0,0.0,False,América Latina e Caribe,Renda alta
MCO,Monaco,Europe & Central Asia,High income,125418.18214285714,4.017241379310345,,66.76592105263158,,,16770.14285714286,,0.0,0.0,False,Europa e Ásia Central,Renda alta
MWI,Malawi,Sub-Saharan Africa,Low income,289.1863448275862,80.92068965517241,50.726749999999996,2.552750578181818,,7.157964285714286,136.0109896551724,0.40844827586206894,0.0,0.0,False,África Subsaariana,Renda baixa
MUS,Mauritius,Sub-Saharan Africa,Upper middle income,6020.276551724138,15.475862068965517,72.02001428571428,23.184601166666667,1451.6040400000002,8.351357142857143,589.671724137931,0.7144482758620689,0.0,0.0,False,África Subsaariana,Renda média-alta
MNG,Mongolia,East Asia & Pacific,Upper middle income,1782.1066551724139,39.893103448275866,64.63632142857143,8.9882478965,1291.664,5.940607142857142,1.6548720689655172,0.6452413793103446,0.0,0.0,False,Leste Asiático e Pacífico,Renda média-alta
MNP,Northern Mariana Islands,East Asia & Pacific,High income,18042.6125,,,0.0,,,116.45866785714286,,0.0,0.0,False,Leste Asiático e Pacífico,Renda alta
KOR,"Korea, Rep.",East Asia & Pacific,High income,17398.02068965517,5.968965517241379,77.3656892857143,52.64049816551724,6509.695599999999,3.5068928571428573,493.2983448275862,0.8435862068965517,0.0,0.0,False,Leste Asiático e Pacífico,Renda alta
KNA,St. Kitts and Nevis,Latin America & Caribbean,High income,12367.894827586208,16.486206896551725,69.7747,37.88320521739131,,,177.68703448275863,0.7645000000000001,0.0,0.0,False,América Latina e Caribe,Renda alta
KAZ,Kazakhstan,Europe & Central Asia,Upper middle income,5217.975862068965,28.637931034482758,67.47372142857144,23.93511368380769,4317.3828,7.3758928571428575,5.955518965517241,0.7272413793103448,0.0,0.0,False,Europa e Ásia Central,Renda média-alta
JPN,Japan,East Asia & Pacific,High income,37299.25862068965,3.031034482758621,81.59833928571427,47.26650684642857,7960.316,3.870214285714286,347.51782758620686,0.8859655172413793,0.0,0.0,False,Leste Asiático e Pacífico,Renda alta
IMN,Isle of Man,Europe & Central Asia,High income,47128.086363636365,,77.2476,,,,138.20689655172413,,0.0,0.0,False,Europa e Ásia Central,Renda alta
HUN,Hungary,Europe & Central Asia,High income,9373.466071428571,7.751724137931034,72.46034999999999,35.199474725172415,3531.5948,8.138464285714287,112.32813793103449,0.7902758620689656,0.0,0.0,False,Europa e Ásia Central,Renda alta
ISL,Iceland,Europe & Central Asia,High income,42472.87586206896,2.896551724137931,80.60098571428571,62.29371824137931,31264.404,3.9750357142857142,2.964244827586207,0.8866206896551724,0.0,0.0,False,Europa e Ásia Central,Renda alta
IRL,Ireland,Europe & Central Asia,High income,40465.10344827586,4.868965517241379,78.26250714285713,40.56830896551725,5397.135200000001,9.438714285714285,59.97983448275862,0.8562068965517242,0.0,0.0,False,Europa e Ásia Central,Renda alta
LIE,Liechtenstein,Europe & Central Asia,High income,105002.75925925926,,80.31839166666667,70.41255263157895,,,212.5597931034483,0.9104736842105263,0.0,0.0,False,Europa e Ásia Central,Renda alta
LTU,Lithuania,Europe & Central Asia,High income,9628.843333333332,7.76551724137931,71.86432857142857,40.67719929166667,3185.452,11.123999999999999,52.87704827586207,0.7945862068965516,0.0,0.0,False,Europa e Ásia Central,Renda alta
KIR,Kiribati,East Asia & Pacific,Lower middle income,1137.6423103448276,52.92413793103448,63.96875,6.679376952380953,,,114.05367931034483,0.5952631578947368,0.0,0.0,False,Leste Asiático e Pacífico,Renda média-baixa
LCA,St. Lucia,Latin America & Caribbean,Upper middle income,6482.633793103449,16.23793103448276,73.74857142857142,21.981667958333333,,18.622178571428574,265.81644827586206,0.7128965517241378,0.0,0.0,False,América Latina e Caribe,Renda média-alta
MHL,Marshall Islands,East Asia & Pacific,Upper middle income,2571.8324137931036,32.41379310344828,66.37195,7.024795053846153,,,299.06089285714285,0.63475,0.0,0.0,False,Leste Asiático e Pacífico,Renda média-alta
MNE,Montenegro,Europe & Central Asia,Upper middle income,5538.141052631579,9.241379310344827,74.53614285714286,47.48008,5639.281,24.80567857142857,45.66072068965518,0.8016874999999999,0.0,0.0,False,Europa e Ásia Central,Renda média-alta
LUX,Luxembourg,Europe & Central Asia,High income,76424.49310344827,3.651724137931035,78.84009642857143,53.737454642857145,15039.38,4.010142857142857,209.0005789473684,0.8725172413793103,0.0,0.0,False,Europa e Ásia Central,Renda alta
LVA,Latvia,Europe & Central Asia,High income,9462.477499999999,9.586206896551724,71.03989642857142,45.239398208333334,2700.4164,12.538892857142857,36.44553448275862,0.784103448275862,0.0,0.0,False,Europa e Ásia Central,Renda alta
OMN,Oman,Middle East & North Africa,High income,12283.79275862069,14.689655172413794,73.08585714285714,27.114892956521736,3838.95,4.464035714285714,9.140167931034481,0.7766315789473683,0.0,0.0,False,Oriente Médio e Norte da África,Renda alta
NZL,New Zealand,East Asia & Pacific,High income,25873.396551724138,6.017241379310345,79.07005357142857,52.5772117037037,9269.4428,6.167392857142858,15.499575862068966,0.8919310344827587,0.0,0.0,False,Leste Asiático e Pacífico,Renda alta
NOR,Norway,Europe & Central Asia,High income,60296.1,3.613793103448276,79.60036785714286,60.60483548275862,24286.476000000002,4.110285714285714,12.827472413793103,0.9145172413793102,0.0,0.0,False,Europa e Ásia Central,Renda alta
NCL,New Caledonia,East Asia & Pacific,High income,15888.318181818182,,74.76141428571428,31.807682087391303,,16.041571428571427,12.483079310344827,,0.0,0.0,False,Leste Asiático e Pacífico,Renda alta
SGP,Singapore,East Asia & Pacific,High income,34934.331034482755,3.027586206896552,79.22019642857143,46.53250103448276,7418.3468,4.019464285714286,6376.326206896551,0.8517931034482761,0.0,0.0,False,Leste Asiático e Pacífico,Renda alta
SMR,San Marino,Europe & Central Asia,High income,59009.55789473685,4.896551724137931,85.4171,37.128434444444444,,,484.4486896551724,0.86,0.0,0.0,False,Europa e Ásia Central,Renda alta
SUR,Suriname,Latin America & Caribbean,Upper middle income,4336.545448275862,27.451724137931034,69.04696428571428,17.530309041666666,2895.474666666667,10.074607142857143,3.1643675862068967,0.7215333333333334,0.0,0.0,False,América Latina e Caribe,Renda média-alta
STP,Sao Tome and Principe,Sub-Saharan Africa,Lower middle income,1195.362388888889,47.0,63.67514285714286,14.70193619047619,,14.485892857142858,166.46224137931034,0.531896551724138,0.0,0.0,False,África Subsaariana,Renda média-baixa
PRK,North Korea,East Asia & Pacific,Low income,,32.244827586206895,68.44814285714286,0.0,795.33064,3.8134642857142858,194.53831034482758,,0.0,0.0,False,Leste Asiático e Pacífico,Renda baixa
PRI,Puerto Rico,Latin America & Caribbean,High income,20342.46793103448,,76.97386428571428,28.557490320833335,,13.110142857142858,413.15865517241383,,0.0,0.0,False,América Latina e Caribe,Renda alta
POL,Poland,Europe & Central Asia,High income,8123.619310344828,7.944827586206896,74.45146785714284,33.270056850689656,3401.9564,11.931785714285713,124.84841379310345,0.8051379310344825,0.0,0.0,False,Europa e Ásia Central,Renda alta
PLW,Palau,East Asia & Pacific,Upper middle income,11404.721578947368,23.855172413793102,70.134225,17.203925,,,39.37965714285714,0.7678947368421053,0.0,0.0,False,Leste Asiático e Pacífico,Renda média-alta
PYF,French Polynesia,East Asia & Pacific,High income,16507.081818181818,,73.32567857142858,29.811277691304348,,12.15392857142857,67.57621379310345,,0.0,0.0,False,Leste Asiático e Pacífico,Renda alta
PSE,West Bank and Gaza,Middle East & North Africa,Lower middle income,1981.9507999999998,23.95862068965517,71.43878571428571,29.855568499999997,,21.338642857142855,542.3494482758621,0.6904666666666667,0.0,0.0,False,Oriente Médio e Norte da África,Renda média-baixa
PRT,Portugal,Europe & Central Asia,High income,16560.96379310345,5.165517241379311,77.55775357142856,32.464571931034484,3997.9996,7.968857142857142,112.6094827586207,0.8001034482758622,0.0,0.0,False,Europa e Ásia Central,Renda alta
ROU,Romania,Europe & Central Asia,Upper middle income,5220.924482758621,15.258620689655173,71.88843928571428,24.710368304074077,2368.1584,6.847107142857142,93.0159448275862,0.7518965517241379,0.0,0.0,False,Europa e Ásia Central,Renda média-alta
SVN,Slovenia,Europe & Central Asia,High income,16557.52344827586,4.193103448275862,77.0267,41.56659785185185,6087.524,7.090964285714286,100.15758275862069,0.8612500000000001,0.0,0.0,False,Europa e Ásia Central,Renda alta
SVK,Slovak Republic,Europe & Central Asia,High income,10788.564827586208,7.63103448275862,74.00997142857143,43.82659588888888,5046.106,13.37492857142857,111.86972413793103,0.7867931034482759,0.0,0.0,False,Europa e Ásia Central,Renda alta
TLS,Timor-Leste,East Asia & Pacific,Lower middle income,2594.812052631579,75.29310344827586,60.98896428571429,8.222528786666667,,3.4778214285714286,66.35788620689655,0.5891764705882353,0.0,0.0,False,Leste Asiático e Pacífico,Renda média-baixa
TON,Tonga,East Asia & Pacific,Upper middle income,2789.696551724138,15.289655172413791,69.79646428571428,13.05404225,,1.98175,138.3301724137931,0.6981379310344827,0.0,0.0,False,Leste Asiático e Pacífico,Renda média-alta
SYC,Seychelles,Sub-Saharan Africa,High income,10024.51379310345,12.337931034482759,72.28223214285714,28.35878609090909,,,180.7378275862069,0.7707894736842105,0.0,0.0,False,África Subsaariana,Renda alta
SXM,Sint Maarten (Dutch part),Latin America & Caribbean,High income,,,74.4305,,,,1003.5822000000001,,0.0,0.0,False,América Latina e Caribe,Renda alta
SWZ,Eswatini,Sub-Saharan Africa,Lower middle income,2685.0810344827587,63.87931034482759,51.206250000000004,9.988472347916668,,24.591857142857144,58.78251379310345,0.5110689655172413,0.0,0.0,False,África Subsaariana,Renda média-baixa
TCA,Turks and Caicos Islands,Latin America & Caribbean,High income,22200.344444444447,,,0.0,,,26.92515172413793,,0.0,0.0,False,América Latina e Caribe,Renda alta
TUV,Tuvalu,East Asia & Pacific,Upper middle income,2204.3081034482757,30.83103448275862,,27.266856923076922,,,333.5632413793104,0.6037586206896551,0.0,0.0,False,Leste Asiático e Pacífico,Renda média-alta
TKM,Turkmenistan,Europe & Central Asia,Upper middle income,2920.931482758621,57.648275862068964,64.91778571428571,5.02459844,1991.8056,6.300107142857143,10.115585862068965,0.7140714285714287,0.0,0.0,False,Europa e Ásia Central,Renda média-alta
VCT,St. Vincent and the Grenadines,Latin America & Caribbean,Upper middle income,4841.347586206897,18.43448275862069,71.28067857142857,16.2646206,,20.120285714285718,277.889,0.7308947368421054,0.0,0.0,False,América Latina e Caribe,Renda média-alta
URY,Uruguay,Latin America & Caribbean,High income,8863.06827586207,12.9,75.34596428571429,28.954822135999997,2079.7876,10.556678571428572,18.91801724137931,0.7634827586206897,0.0,0.0,False,América Latina e Caribe,Renda alta
WSM,Samoa,East Asia & Pacific,Lower middle income,2511.9653103448277,17.93793103448276,69.75678571428571,8.660090090909092,,5.371892857142858,63.42887241379311,0.6977083333333334,0.0,0.0,False,Leste Asiático e Pacífico,Renda média-baixa
VUT,Vanuatu,East Asia & Pacific,Lower middle income,2059.698965517241,24.727586206896554,67.83317857142858,7.851257721739131,,6.067107142857142,17.244744827586207,0.5917142857142856,0.0,0.0,False,Leste Asiático e Pacífico,Renda média-baixa
VNM,Vietnam,East Asia & Pacific,Lower middle income,935.7101137931035,23.06551724137931,73.47314285714286,21.861383761375,526.049528,1.9396428571428572,262.9178620689655,0.6105172413793103,0.0,0.0,False,Leste Asiático e Pacífico,Renda média-baixa
VIR,Virgin Islands (U.S.),Latin America & Caribbean,High income,37116.99375,,77.12310357142857,26.7394674,,8.9315,307.8483103448276,,0.0,0.0,False,América Latina e Caribe,Renda alta
